{
    "model": {
        "type": "range_dispatch",
        "property": "custom_model_data",
        "fallback": {
            "type": "model",
            "model": "item/bow"
        },
        "entries": [
            {
                "threshold": 1,
                "model": {
                    "type": "model",
                    "model": "item/gui/skillicon_archery"
                }
            },
            {
                "threshold": 1,
                "model": {
                    "type": "model",
                    "model": "item/gui/skillicon_archery"
                }
            },
            {
                "threshold": 1,
                "model": {
                    "type": "model",
                    "model": "item/gui/skillicon_archery"
                }
            },
            {
                "threshold": 1,
                "model": {
                    "type": "model",
                    "model": "item/gui/skillicon_archery"
                }
            }
        ]
    }
}