{
    "model": {
        "type": "range_dispatch",
        "property": "custom_model_data",
        "fallback": {
            "type": "model",
            "model": "item/enchanted_book"
        },
        "entries": [
            {
                "threshold": 7780900,
                "model": {
                    "type": "model",
                    "model": "item/trinkets/rough_gold_ring"
                }
            },
            {
                "threshold": 7780901,
                "model": {
                    "type": "model",
                    "model": "item/trinkets/rough_gold_necklace_amulet"
                }
            },
            {
                "threshold": 7780902,
                "model": {
                    "type": "model",
                    "model": "item/trinkets/rough_gold_circlet"
                }
            },
            {
                "threshold": 7780903,
                "model": {
                    "type": "model",
                    "model": "item/trinkets/rough_gold_bracer"
                }
            },
            {
                "threshold": 7780910,
                "model": {
                    "type": "model",
                    "model": "item/trinkets/gold_necklace_amulet"
                }
            },
            {
                "threshold": 7781100,
                "model": {
                    "type": "model",
                    "model": "item/trinkets/gold_ring"
                }
            },
            {
                "threshold": 7781101,
                "model": {
                    "type": "model",
                    "model": "item/trinkets/ruby_gold_ring"
                }
            },
            {
                "threshold": 7781102,
                "model": {
                    "type": "model",
                    "model": "item/trinkets/emerald_gold_ring"
                }
            },
            {
                "threshold": 7781103,
                "model": {
                    "type": "model",
                    "model": "item/trinkets/opal_gold_ring"
                }
            },
            {
                "threshold": 7781104,
                "model": {
                    "type": "model",
                    "model": "item/trinkets/sapphire_gold_ring"
                }
            },
            {
                "threshold": 7781105,
                "model": {
                    "type": "model",
                    "model": "item/trinkets/topaz_gold_ring"
                }
            },
            {
                "threshold": 7781106,
                "model": {
                    "type": "model",
                    "model": "item/trinkets/peridot_gold_ring"
                }
            },
            {
                "threshold": 7781107,
                "model": {
                    "type": "model",
                    "model": "item/trinkets/diamond_gold_ring"
                }
            },
            {
                "threshold": 7781108,
                "model": {
                    "type": "model",
                    "model": "item/trinkets/amethyst_gold_ring"
                }
            },
            {
                "threshold": 7781200,
                "model": {
                    "type": "model",
                    "model": "item/trinkets/gold_necklace"
                }
            },
            {
                "threshold": 7781201,
                "model": {
                    "type": "model",
                    "model": "item/trinkets/ruby_gold_necklace"
                }
            },
            {
                "threshold": 7781202,
                "model": {
                    "type": "model",
                    "model": "item/trinkets/emerald_gold_necklace"
                }
            },
            {
                "threshold": 7781203,
                "model": {
                    "type": "model",
                    "model": "item/trinkets/opal_gold_necklace"
                }
            },
            {
                "threshold": 7781204,
                "model": {
                    "type": "model",
                    "model": "item/trinkets/sapphire_gold_necklace"
                }
            },
            {
                "threshold": 7781205,
                "model": {
                    "type": "model",
                    "model": "item/trinkets/topaz_gold_necklace"
                }
            },
            {
                "threshold": 7781206,
                "model": {
                    "type": "model",
                    "model": "item/trinkets/peridot_gold_necklace"
                }
            },
            {
                "threshold": 7781207,
                "model": {
                    "type": "model",
                    "model": "item/trinkets/diamond_gold_necklace"
                }
            },
            {
                "threshold": 7781208,
                "model": {
                    "type": "model",
                    "model": "item/trinkets/amethyst_gold_necklace"
                }
            },
            {
                "threshold": 7781300,
                "model": {
                    "type": "model",
                    "model": "item/trinkets/gold_bracer"
                }
            },
            {
                "threshold": 7781301,
                "model": {
                    "type": "model",
                    "model": "item/trinkets/ruby_gold_bracer"
                }
            },
            {
                "threshold": 7781302,
                "model": {
                    "type": "model",
                    "model": "item/trinkets/emerald_gold_bracer"
                }
            },
            {
                "threshold": 7781303,
                "model": {
                    "type": "model",
                    "model": "item/trinkets/opal_gold_bracer"
                }
            },
            {
                "threshold": 7781304,
                "model": {
                    "type": "model",
                    "model": "item/trinkets/sapphire_gold_bracer"
                }
            },
            {
                "threshold": 7781305,
                "model": {
                    "type": "model",
                    "model": "item/trinkets/topaz_gold_bracer"
                }
            },
            {
                "threshold": 7781306,
                "model": {
                    "type": "model",
                    "model": "item/trinkets/peridot_gold_bracer"
                }
            },
            {
                "threshold": 7781307,
                "model": {
                    "type": "model",
                    "model": "item/trinkets/diamond_gold_bracer"
                }
            },
            {
                "threshold": 7781308,
                "model": {
                    "type": "model",
                    "model": "item/trinkets/amethyst_gold_bracer"
                }
            },
            {
                "threshold": 7781320,
                "model": {
                    "type": "model",
                    "model": "item/trinkets/gold_armring"
                }
            },
            {
                "threshold": 7781330,
                "model": {
                    "type": "model",
                    "model": "item/trinkets/silver_armring"
                }
            },
            {
                "threshold": 7781400,
                "model": {
                    "type": "model",
                    "model": "item/trinkets/gold_circlet"
                }
            },
            {
                "threshold": 7781401,
                "model": {
                    "type": "model",
                    "model": "item/trinkets/ruby_gold_circlet"
                }
            },
            {
                "threshold": 7781402,
                "model": {
                    "type": "model",
                    "model": "item/trinkets/emerald_gold_circlet"
                }
            },
            {
                "threshold": 7781403,
                "model": {
                    "type": "model",
                    "model": "item/trinkets/opal_gold_circlet"
                }
            },
            {
                "threshold": 7781404,
                "model": {
                    "type": "model",
                    "model": "item/trinkets/sapphire_gold_circlet"
                }
            },
            {
                "threshold": 7781405,
                "model": {
                    "type": "model",
                    "model": "item/trinkets/topaz_gold_circlet"
                }
            },
            {
                "threshold": 7781406,
                "model": {
                    "type": "model",
                    "model": "item/trinkets/peridot_gold_circlet"
                }
            },
            {
                "threshold": 7781407,
                "model": {
                    "type": "model",
                    "model": "item/trinkets/diamond_gold_circlet"
                }
            },
            {
                "threshold": 7781408,
                "model": {
                    "type": "model",
                    "model": "item/trinkets/amethyst_gold_circlet"
                }
            },
            {
                "threshold": 7781500,
                "model": {
                    "type": "model",
                    "model": "item/trinkets/trinket_armband_bezoar"
                }
            },
            {
                "threshold": 7781501,
                "model": {
                    "type": "model",
                    "model": "item/trinkets/trinket_armband_purity"
                }
            },
            {
                "threshold": 7781502,
                "model": {
                    "type": "model",
                    "model": "item/trinkets/trinket_armband_force"
                }
            },
            {
                "threshold": 7781503,
                "model": {
                    "type": "model",
                    "model": "item/trinkets/trinket_armband_titans_glove"
                }
            },
            {
                "threshold": 7781504,
                "model": {
                    "type": "model",
                    "model": "item/trinkets/trinket_armband_precision"
                }
            },
            {
                "threshold": 7781505,
                "model": {
                    "type": "model",
                    "model": "item/trinkets/trinket_armband_deathbringer"
                }
            },
            {
                "threshold": 7781506,
                "model": {
                    "type": "model",
                    "model": "item/trinkets/trinket_armband_regeneration"
                }
            },
            {
                "threshold": 7781507,
                "model": {
                    "type": "model",
                    "model": "item/trinkets/trinket_armband_rebirth"
                }
            },
            {
                "threshold": 7781508,
                "model": {
                    "type": "model",
                    "model": "item/trinkets/trinket_armband_bandaid"
                }
            },
            {
                "threshold": 7781509,
                "model": {
                    "type": "model",
                    "model": "item/trinkets/trinket_armband_transfusion"
                }
            },
            {
                "threshold": 7781510,
                "model": {
                    "type": "model",
                    "model": "item/trinkets/trinket_armband_armored_bracer"
                }
            },
            {
                "threshold": 7781511,
                "model": {
                    "type": "model",
                    "model": "item/trinkets/trinket_armband_juggernaut"
                }
            },
            {
                "threshold": 7781520,
                "model": {
                    "type": "model",
                    "model": "item/trinkets/trinket_necklace_cross"
                }
            },
            {
                "threshold": 7781521,
                "model": {
                    "type": "model",
                    "model": "item/trinkets/trinket_necklace_divine_blessing"
                }
            },
            {
                "threshold": 7781522,
                "model": {
                    "type": "model",
                    "model": "item/trinkets/trinket_necklace_magic_quiver"
                }
            },
            {
                "threshold": 7781523,
                "model": {
                    "type": "model",
                    "model": "item/trinkets/trinket_necklace_artemis"
                }
            },
            {
                "threshold": 7781524,
                "model": {
                    "type": "model",
                    "model": "item/trinkets/trinket_necklace_mania"
                }
            },
            {
                "threshold": 7781525,
                "model": {
                    "type": "model",
                    "model": "item/trinkets/trinket_necklace_furyforged"
                }
            },
            {
                "threshold": 7781526,
                "model": {
                    "type": "model",
                    "model": "item/trinkets/trinket_necklace_avenger"
                }
            },
            {
                "threshold": 7781527,
                "model": {
                    "type": "model",
                    "model": "item/trinkets/trinket_necklace_kratos"
                }
            },
            {
                "threshold": 7781528,
                "model": {
                    "type": "model",
                    "model": "item/trinkets/trinket_necklace_adrenaline"
                }
            },
            {
                "threshold": 7781529,
                "model": {
                    "type": "model",
                    "model": "item/trinkets/trinket_necklace_hermes"
                }
            },
            {
                "threshold": 7781530,
                "model": {
                    "type": "model",
                    "model": "item/trinkets/trinket_necklace_vigor"
                }
            },
            {
                "threshold": 7781531,
                "model": {
                    "type": "model",
                    "model": "item/trinkets/trinket_necklace_erinle"
                }
            },
            {
                "threshold": 7781540,
                "model": {
                    "type": "model",
                    "model": "item/trinkets/trinket_ring_deflection"
                }
            },
            {
                "threshold": 7781541,
                "model": {
                    "type": "model",
                    "model": "item/trinkets/trinket_ring_athena"
                }
            },
            {
                "threshold": 7781542,
                "model": {
                    "type": "model",
                    "model": "item/trinkets/trinket_ring_obsidian"
                }
            },
            {
                "threshold": 7781543,
                "model": {
                    "type": "model",
                    "model": "item/trinkets/trinket_ring_narya"
                }
            },
            {
                "threshold": 7781544,
                "model": {
                    "type": "model",
                    "model": "item/trinkets/trinket_ring_protection"
                }
            },
            {
                "threshold": 7781545,
                "model": {
                    "type": "model",
                    "model": "item/trinkets/trinket_ring_primordial"
                }
            },
            {
                "threshold": 7781546,
                "model": {
                    "type": "model",
                    "model": "item/trinkets/trinket_ring_reach"
                }
            },
            {
                "threshold": 7781547,
                "model": {
                    "type": "model",
                    "model": "item/trinkets/trinket_ring_gungnir"
                }
            },
            {
                "threshold": 7781548,
                "model": {
                    "type": "model",
                    "model": "item/trinkets/trinket_ring_shattering"
                }
            },
            {
                "threshold": 7781549,
                "model": {
                    "type": "model",
                    "model": "item/trinkets/trinket_ring_paladins_bane"
                }
            },
            {
                "threshold": 7781550,
                "model": {
                    "type": "model",
                    "model": "item/trinkets/trinket_ring_warding"
                }
            },
            {
                "threshold": 7781551,
                "model": {
                    "type": "model",
                    "model": "item/trinkets/trinket_ring_magnus"
                }
            }
        ]
    }
}